{"mean":{"confidence_interval":{"confidence_level":0.95,"lower_bound":141.04143500803406,"upper_bound":141.91806545771854},"point_estimate":141.47119911310526,"standard_error":0.22457663696699273},"median":{"confidence_interval":{"confidence_level":0.95,"lower_bound":140.55837194351406,"upper_bound":140.94798430735932},"point_estimate":140.70017939361287,"standard_error":0.09427833008872047},"median_abs_dev":{"confidence_interval":{"confidence_level":0.95,"lower_bound":0.8794371732526899,"upper_bound":1.5150198928341585},"point_estimate":1.0913289609547585,"standard_error":0.16208772365764976},"slope":{"confidence_interval":{"confidence_level":0.95,"lower_bound":140.14485468995616,"upper_bound":140.49412918182867},"point_estimate":140.3125426539389,"standard_error":0.08917403198239393},"std_dev":{"confidence_interval":{"confidence_level":0.95,"lower_bound":1.8387309842505848,"upper_bound":2.620962715059836},"point_estimate":2.2561475685852392,"standard_error":0.19946907207725412}}