{"mean":{"confidence_interval":{"confidence_level":0.95,"lower_bound":0.002700852722213804,"upper_bound":0.009100827630839714},"point_estimate":0.006001373166617974,"standard_error":0.001626586611821996},"median":{"confidence_interval":{"confidence_level":0.95,"lower_bound":0.004428822467777316,"upper_bound":0.011377908204544429},"point_estimate":0.00884511404342092,"standard_error":0.0018112064739509665}}