{"mean":{"confidence_interval":{"confidence_level":0.95,"lower_bound":54335.811092125434,"upper_bound":54749.0424431233},"point_estimate":54501.678734956506,"standard_error":108.90526343717556},"median":{"confidence_interval":{"confidence_level":0.95,"lower_bound":54224.76780185758,"upper_bound":54521.09800362976},"point_estimate":54361.98182957394,"standard_error":68.89783644518215},"median_abs_dev":{"confidence_interval":{"confidence_level":0.95,"lower_bound":359.0798244409567,"upper_bound":559.7411960434691},"point_estimate":441.621208491611,"standard_error":52.97203369439557},"slope":{"confidence_interval":{"confidence_level":0.95,"lower_bound":54190.4509445372,"upper_bound":54390.6627340843},"point_estimate":54285.78417832671,"standard_error":50.95720967895196},"std_dev":{"confidence_interval":{"confidence_level":0.95,"lower_bound":392.9725197228618,"upper_bound":1791.406979733223},"point_estimate":1100.8370442317675,"standard_error":467.4215733811974}}