{"mean":{"confidence_interval":{"confidence_level":0.95,"lower_bound":136.0571661067123,"upper_bound":137.14350260294634},"point_estimate":136.60489537120537,"standard_error":0.2777010146094576},"median":{"confidence_interval":{"confidence_level":0.95,"lower_bound":136.4312275985663,"upper_bound":138.14173837136798},"point_estimate":137.4333642057672,"standard_error":0.425554323481802},"median_abs_dev":{"confidence_interval":{"confidence_level":0.95,"lower_bound":2.072876128568507,"upper_bound":4.101742499555959},"point_estimate":3.0278886197076273,"standard_error":0.549578888481002},"slope":{"confidence_interval":{"confidence_level":0.95,"lower_bound":134.26556567507592,"upper_bound":135.54774461777887},"point_estimate":134.85457662391445,"standard_error":0.3273611192222627},"std_dev":{"confidence_interval":{"confidence_level":0.95,"lower_bound":2.5383218360316824,"upper_bound":2.999654773936801},"point_estimate":2.795086630840318,"standard_error":0.11778741503608266}}