{"mean":{"confidence_interval":{"confidence_level":0.95,"lower_bound":-0.005583261990560525,"upper_bound":0.002167706303820203},"point_estimate":-0.0016167530197598312,"standard_error":0.0019757739444772565},"median":{"confidence_interval":{"confidence_level":0.95,"lower_bound":-0.004846905702162396,"upper_bound":0.0011030045088995521},"point_estimate":-0.0019364186963122254,"standard_error":0.001537186551565459}}