{"mean":{"confidence_interval":{"confidence_level":0.95,"lower_bound":106.54071508834622,"upper_bound":107.60731093397709},"point_estimate":107.00795979702305,"standard_error":0.27474232131806403},"median":{"confidence_interval":{"confidence_level":0.95,"lower_bound":106.42529421290934,"upper_bound":106.68937563661027},"point_estimate":106.56310345538604,"standard_error":0.07629627245756232},"median_abs_dev":{"confidence_interval":{"confidence_level":0.95,"lower_bound":0.7246446497629222,"upper_bound":1.1400252464664424},"point_estimate":0.9181371085639434,"standard_error":0.10547813680264531},"slope":{"confidence_interval":{"confidence_level":0.95,"lower_bound":106.27160500103699,"upper_bound":107.00072859727457},"point_estimate":106.58686093396722,"standard_error":0.18885486219508585},"std_dev":{"confidence_interval":{"confidence_level":0.95,"lower_bound":1.1077445106059416,"upper_bound":3.999370900967789},"point_estimate":2.7451411610709457,"standard_error":0.7179917946319527}}