{"mean":{"confidence_interval":{"confidence_level":0.95,"lower_bound":33.64104982518904,"upper_bound":33.90838760572449},"point_estimate":33.76624564324107,"standard_error":0.06834738963842321},"median":{"confidence_interval":{"confidence_level":0.95,"lower_bound":33.458951344517516,"upper_bound":33.55161195013579},"point_estimate":33.51838064210957,"standard_error":0.019392169930164037},"median_abs_dev":{"confidence_interval":{"confidence_level":0.95,"lower_bound":0.12492953779902963,"upper_bound":0.2520953205681593},"point_estimate":0.19751946775702595,"standard_error":0.02929283489134521},"slope":{"confidence_interval":{"confidence_level":0.95,"lower_bound":33.67546529070021,"upper_bound":34.11476867217948},"point_estimate":33.879329554326304,"standard_error":0.11230829577239328},"std_dev":{"confidence_interval":{"confidence_level":0.95,"lower_bound":0.4697068287040287,"upper_bound":0.8635331969169918},"point_estimate":0.6866526661687469,"standard_error":0.10075673150011823}}