{"mean":{"confidence_interval":{"confidence_level":0.95,"lower_bound":-0.0011773655037186775,"upper_bound":0.006702095716405691},"point_estimate":0.0020025940792323116,"standard_error":0.0019351778109337374},"median":{"confidence_interval":{"confidence_level":0.95,"lower_bound":-0.0002452896886965261,"upper_bound":0.00252474471068731},"point_estimate":0.001029646453781785,"standard_error":0.0006555515038262319}}