{"mean":{"confidence_interval":{"confidence_level":0.95,"lower_bound":-0.0024037492859578504,"upper_bound":0.006422982797664739},"point_estimate":0.0018196539688648539,"standard_error":0.0022443107945047695},"median":{"confidence_interval":{"confidence_level":0.95,"lower_bound":-0.0010879081400920754,"upper_bound":0.008943378276829445},"point_estimate":0.0038044512077348713,"standard_error":0.002671820041861105}}