{"mean":{"confidence_interval":{"confidence_level":0.95,"lower_bound":0.010590135981894228,"upper_bound":0.017515224509003335},"point_estimate":0.014105664543519802,"standard_error":0.0017518647227558008},"median":{"confidence_interval":{"confidence_level":0.95,"lower_bound":0.011030117891127622,"upper_bound":0.01900669640740528},"point_estimate":0.01534561085821129,"standard_error":0.001976178199411719}}