{"mean":{"confidence_interval":{"confidence_level":0.95,"lower_bound":106.991178184355,"upper_bound":107.35833463656598},"point_estimate":107.1507200948022,"standard_error":0.09597013478845938},"median":{"confidence_interval":{"confidence_level":0.95,"lower_bound":106.9072970912238,"upper_bound":107.09652409017815},"point_estimate":107.00787535376924,"standard_error":0.04693401487397647},"median_abs_dev":{"confidence_interval":{"confidence_level":0.95,"lower_bound":0.26881114971054054,"upper_bound":0.44243847916230006},"point_estimate":0.33338798064331615,"standard_error":0.045095414933084575},"slope":{"confidence_interval":{"confidence_level":0.95,"lower_bound":106.95993799365684,"upper_bound":107.13945242057623},"point_estimate":107.04367350004756,"standard_error":0.04574400839518183},"std_dev":{"confidence_interval":{"confidence_level":0.95,"lower_bound":0.4349071283995767,"upper_bound":1.4640763187584698},"point_estimate":0.9611327882153594,"standard_error":0.2960929166119754}}